dataset,top3_prediction,top3_ground_truth
cicids_2,"['OmniAnomaly', 'MCD', 'ALLM4TS']","['KMeansAD', 'AutoEncoder', 'OCSVM']"
cicids_3,"['MCD', 'CNN', 'LOF']","['USAD', 'PCA', 'OmniAnomaly']"
cicids_5,"['PCA', 'MCD', 'ALLM4TS']","['OmniAnomaly', 'PCA', 'OFA']"
cicids_6,"['MCD', 'CNN', 'ALLM4TS']","['OCSVM', 'LOF', 'AutoEncoder']"
cicids_7,"['OmniAnomaly', 'PCA', 'MCD']","['MCD', 'ALLM4TS', 'AutoEncoder']"
creditcard,"['IForest', 'KMeansAD', 'ALLM4TS']","['USAD', 'CNN', 'LSTMAD']"
daphnet_s01r01e1,"['PCA', 'MCD', 'ALLM4TS']","['KMeansAD', 'OmniAnomaly', 'PCA']"
daphnet_s02r01e0,"['OmniAnomaly', 'PCA', 'MCD']","['KMeansAD', 'OFA', 'KNN']"
daphnet_s02r02e0,"['OmniAnomaly', 'PCA', 'MCD']","['KMeansAD', 'OFA', 'FITS']"
daphnet_s03r01e0,"['OmniAnomaly', 'PCA', 'KMeansAD']","['KMeansAD', 'KNN', 'TranAD']"
daphnet_s03r01e1,"['PCA', 'KMeansAD', 'ALLM4TS']","['IForest', 'TimesNet', 'FITS']"
daphnet_s03r02e0,"['OmniAnomaly', 'PCA', 'KMeansAD']","['PCA', 'OmniAnomaly', 'IForest']"
daphnet_s05r01e0,"['PCA', 'KMeansAD', 'ALLM4TS']","['KMeansAD', 'KNN', 'LOF']"
daphnet_s05r01e1,"['CNN', 'KMeansAD', 'LOF']","['KMeansAD', 'OmniAnomaly', 'PCA']"
daphnet_s05r01e2,"['PCA', 'KMeansAD', 'ALLM4TS']","['KMeansAD', 'LOF', 'KNN']"
daphnet_s05r01e3,"['OmniAnomaly', 'PCA', 'KMeansAD']","['KMeansAD', 'LOF', 'KNN']"
daphnet_s05r02e0,"['OmniAnomaly', 'PCA', 'KMeansAD']","['FITS', 'OFA', 'TimesNet']"
daphnet_s05r02e1,"['OmniAnomaly', 'PCA', 'KMeansAD']","['FITS', 'OFA', 'ALLM4TS']"
daphnet_s06r01e0,"['PCA', 'KMeansAD', 'ALLM4TS']","['KMeansAD', 'LOF', 'KNN']"
daphnet_s06r01e1,"['OmniAnomaly', 'PCA', 'KMeansAD']","['KMeansAD', 'LOF', 'KNN']"
daphnet_s06r01e2,"['OmniAnomaly', 'PCA', 'KMeansAD']","['ALLM4TS', 'HBOS', 'CBLOF']"
daphnet_s07r01e0,"['OmniAnomaly', 'PCA', 'KMeansAD']","['KMeansAD', 'OFA', 'KNN']"
daphnet_s07r02e0,"['PCA', 'MCD', 'ALLM4TS']","['KMeansAD', 'LOF', 'KNN']"
daphnet_s08r01e0,"['PCA', 'KMeansAD', 'ALLM4TS']","['AnomalyTransformer', 'KMeansAD', 'RobustPCA']"
daphnet_s08r01e1,"['PCA', 'KMeansAD', 'ALLM4TS']","['LOF', 'AnomalyTransformer', 'RobustPCA']"
daphnet_s08r01e2,"['PCA', 'KMeansAD', 'ALLM4TS']","['KMeansAD', 'OFA', 'PCA']"
daphnet_s08r01e3,"['PCA', 'KMeansAD', 'ALLM4TS']","['LOF', 'OFA', 'KMeansAD']"
daphnet_s09r01e0,"['OmniAnomaly', 'PCA', 'MCD']","['KMeansAD', 'LOF', 'KNN']"
daphnet_s09r01e1,"['OmniAnomaly', 'PCA', 'KMeansAD']","['KMeansAD', 'LOF', 'CBLOF']"
daphnet_s09r01e2,"['OmniAnomaly', 'PCA', 'KMeansAD']","['COPOD', 'Donut', 'TranAD']"
daphnet_s09r01e3,"['OmniAnomaly', 'PCA', 'KMeansAD']","['KMeansAD', 'IForest', 'OFA']"
daphnet_s09r01e4,"['PCA', 'MCD', 'ALLM4TS']","['ALLM4TS', 'KMeansAD', 'IForest']"
exathlon_1_2_100000_68,"['MCD', 'OmniAnomaly', 'PCA']","['MCD', 'AutoEncoder', 'RobustPCA']"
exathlon_1_4_1000000_80,"['MCD', 'OmniAnomaly', 'OFA']","['AutoEncoder', 'Donut', 'USAD']"
exathlon_1_5_1000000_86,"['OmniAnomaly', 'PCA', 'MCD']","['IForest', 'KMeansAD', 'USAD']"
exathlon_10_2_1000000_67,"['MCD', 'OFA', 'OmniAnomaly']","['AutoEncoder', 'MCD', 'OCSVM']"
exathlon_10_3_1000000_75,"['MCD', 'OmniAnomaly', 'PCA']","['Donut', 'USAD', 'CNN']"
exathlon_10_4_1000000_79,"['KMeansAD', 'AutoEncoder', 'ALLM4TS']","['TranAD', 'Donut', 'USAD']"
exathlon_2_1_100000_60,"['OmniAnomaly', 'MCD', 'PCA']","['IForest', 'LSTMAD', 'CNN']"
exathlon_2_2_200000_69,"['OmniAnomaly', 'PCA', 'KMeansAD']","['PCA', 'OmniAnomaly', 'MCD']"
exathlon_2_5_1000000_87,"['OmniAnomaly', 'PCA', 'MCD']","['FITS', 'Donut', 'OmniAnomaly']"
exathlon_2_5_1000000_88,"['MCD', 'OmniAnomaly', 'PCA']","['IForest', 'KMeansAD', 'CNN']"
exathlon_3_2_500000_70,"['OmniAnomaly', 'PCA', 'MCD']","['OCSVM', 'AutoEncoder', 'HBOS']"
exathlon_3_4_1000000_81,"['PCA', 'KMeansAD', 'ALLM4TS']","['PCA', 'MCD', 'IForest']"
exathlon_3_5_1000000_89,"['MCD', 'AutoEncoder', 'Donut']","['TimesNet', 'OFA', 'FITS']"
exathlon_4_1_100000_61,"['OFA', 'MCD', 'OmniAnomaly']","['AutoEncoder', 'ALLM4TS', 'RobustPCA']"
exathlon_4_5_1000000_90,"['OmniAnomaly', 'MCD', 'PCA']","['PCA', 'OmniAnomaly', 'IForest']"
exathlon_5_1_100000_63,"['OFA', 'MCD', 'OmniAnomaly']","['RobustPCA', 'MCD', 'AutoEncoder']"
exathlon_5_1_100000_64,"['MCD', 'OmniAnomaly', 'PCA']","['OFA', 'Donut', 'OmniAnomaly']"
exathlon_5_1_500000_62,"['KMeansAD', 'CNN', 'ALLM4TS']","['AutoEncoder', 'Donut', 'TranAD']"
exathlon_5_2_1000000_72,"['OmniAnomaly', 'PCA', 'MCD']","['OCSVM', 'AutoEncoder', 'OFA']"
exathlon_5_4_1000000_82,"['OFA', 'MCD', 'OmniAnomaly']","['Donut', 'USAD', 'TranAD']"
exathlon_5_5_1000000_91,"['MCD', 'OmniAnomaly', 'PCA']","['OCSVM', 'MCD', 'KMeansAD']"
exathlon_6_1_500000_65,"['KMeansAD', 'AutoEncoder', 'RobustPCA']","['KMeansAD', 'MCD', 'OFA']"
exathlon_6_3_200000_76,"['OmniAnomaly', 'MCD', 'PCA']","['Donut', 'USAD', 'TranAD']"
exathlon_8_3_200000_73,"['MCD', 'OmniAnomaly', 'PCA']","['Donut', 'USAD', 'OmniAnomaly']"
exathlon_8_4_1000000_77,"['OmniAnomaly', 'PCA', 'MCD']","['EIF', 'CNN', 'LSTMAD']"
exathlon_8_5_1000000_83,"['MCD', 'AutoEncoder', 'ALLM4TS']","['OFA', 'OmniAnomaly', 'PCA']"
exathlon_9_2_1000000_66,"['OmniAnomaly', 'PCA', 'KMeansAD']","['MCD', 'OCSVM', 'ALLM4TS']"
exathlon_9_3_500000_74,"['OmniAnomaly', 'MCD', 'PCA']","['Donut', 'USAD', 'TranAD']"
exathlon_9_4_1000000_78,"['OmniAnomaly', 'PCA', 'MCD']","['AutoEncoder', 'CNN', 'LSTMAD']"
exathlon_9_5_1000000_84,"['OmniAnomaly', 'PCA', 'MCD']","['IForest', 'KMeansAD', 'CBLOF']"
gecco_water_quality,"['OmniAnomaly', 'PCA', 'MCD']","['LSTMAD', 'OFA', 'TimesNet']"
genesis,"['OFA', 'ALLM4TS', 'RobustPCA']","['KMeansAD', 'IForest', 'TranAD']"
ghl_17_lev_fault_temp_corr_seed_57_vars_23,"['RobustPCA', 'AutoEncoder', 'KMeansAD']","['OCSVM', 'MCD', 'AutoEncoder']"
ghl_18_lev_fault_temp_corr_seed_59_vars_23,"['RobustPCA', 'KMeansAD', 'AutoEncoder']","['MCD', 'OCSVM', 'AutoEncoder']"
ghl_19_lev_fault_temp_corr_seed_62_vars_23,"['RobustPCA', 'AutoEncoder', 'KMeansAD']","['OCSVM', 'OFA', 'EIF']"
ghl_20_lev_fault_temp_corr_seed_67_vars_23,"['RobustPCA', 'AutoEncoder', 'KMeansAD']","['MCD', 'AutoEncoder', 'OCSVM']"
ghl_21_lev_fault_temp_corr_seed_73_vars_23,"['RobustPCA', 'AutoEncoder', 'HBOS']","['OCSVM', 'MCD', 'ALLM4TS']"
ghl_22_lev_fault_temp_corr_seed_777_vars_23,"['RobustPCA', 'AutoEncoder', 'KMeansAD']","['OCSVM', 'MCD', 'EIF']"
ghl_24_lev_fault_temp_corr_seed_83_vars_23,"['RobustPCA', 'AutoEncoder', 'KMeansAD']","['MCD', 'OCSVM', 'OFA']"
ghl_41_lev_corr_temp_fault_seed_181_vars_23,"['RobustPCA', 'AutoEncoder', 'KMeansAD']","['KMeansAD', 'EIF', 'CBLOF']"
ghl_43_lev_corr_temp_fault_seed_189_vars_23,"['RobustPCA', 'AutoEncoder', 'KMeansAD']","['KMeansAD', 'LSTMAD', 'AnomalyTransformer']"
ghl_44_lev_corr_temp_fault_seed_190_vars_23,"['RobustPCA', 'AutoEncoder', 'KMeansAD']","['CNN', 'CBLOF', 'RobustPCA']"
ghl_45_lev_corr_temp_fault_seed_193_vars_23,"['RobustPCA', 'AutoEncoder', 'HBOS']","['OCSVM', 'ALLM4TS', 'AutoEncoder']"
ghl_46_lev_corr_temp_fault_seed_194_vars_23,"['RobustPCA', 'KMeansAD', 'AutoEncoder']","['CNN', 'EIF', 'KMeansAD']"
ghl_47_lev_corr_temp_fault_seed_197_vars_23,"['RobustPCA', 'AutoEncoder', 'KMeansAD']","['KMeansAD', 'CNN', 'RobustPCA']"
ghl_48_lev_corr_temp_fault_seed_199_vars_23,"['RobustPCA', 'AutoEncoder', 'KMeansAD']","['ALLM4TS', 'Donut', 'OCSVM']"
gutentag_0,"['OFA', 'MCD', 'OmniAnomaly']","['KMeansAD', 'OmniAnomaly', 'PCA']"
gutentag_1,"['MCD', 'OmniAnomaly', 'PCA']","['OFA', 'MCD', 'ALLM4TS']"
gutentag_10,"['MCD', 'OFA', 'OmniAnomaly']","['OFA', 'KNN', 'OmniAnomaly']"
gutentag_11,"['OFA', 'MCD', 'OmniAnomaly']","['AutoEncoder', 'LSTMAD', 'TranAD']"
gutentag_12,"['OFA', 'KMeansAD', 'ALLM4TS']","['KMeansAD', 'OFA', 'PCA']"
gutentag_13,"['MCD', 'OmniAnomaly', 'PCA']","['CNN', 'OmniAnomaly', 'PCA']"
gutentag_14,"['OmniAnomaly', 'MCD', 'PCA']","['OFA', 'KNN', 'KMeansAD']"
gutentag_15,"['OmniAnomaly', 'PCA', 'MCD']","['CNN', 'LSTMAD', 'OFA']"
gutentag_16,"['MCD', 'OFA', 'OmniAnomaly']","['OmniAnomaly', 'PCA', 'OFA']"
gutentag_17,"['MCD', 'OmniAnomaly', 'PCA']","['OmniAnomaly', 'PCA', 'OFA']"
gutentag_18,"['OFA', 'MCD', 'OmniAnomaly']","['PCA', 'OmniAnomaly', 'AutoEncoder']"
gutentag_19,"['OmniAnomaly', 'MCD', 'PCA']","['OmniAnomaly', 'PCA', 'CNN']"
gutentag_2,"['OmniAnomaly', 'PCA', 'MCD']","['AutoEncoder', 'TranAD', 'USAD']"
gutentag_20,"['OmniAnomaly', 'PCA', 'MCD']","['OmniAnomaly', 'PCA', 'CNN']"
gutentag_21,"['MCD', 'OmniAnomaly', 'PCA']","['OFA', 'ALLM4TS', 'KMeansAD']"
gutentag_22,"['OmniAnomaly', 'MCD', 'PCA']","['KMeansAD', 'KNN', 'LOF']"
gutentag_23,"['OmniAnomaly', 'MCD', 'PCA']","['OmniAnomaly', 'PCA', 'LSTMAD']"
gutentag_24,"['MCD', 'OmniAnomaly', 'PCA']","['OmniAnomaly', 'PCA', 'CNN']"
gutentag_25,"['OFA', 'MCD', 'OmniAnomaly']","['OFA', 'KNN', 'OmniAnomaly']"
gutentag_26,"['OmniAnomaly', 'MCD', 'PCA']","['PCA', 'OmniAnomaly', 'ALLM4TS']"
gutentag_27,"['MCD', 'OFA', 'OmniAnomaly']","['PCA', 'OmniAnomaly', 'USAD']"
gutentag_28,"['MCD', 'OmniAnomaly', 'PCA']","['OmniAnomaly', 'PCA', 'CNN']"
gutentag_29,"['OFA', 'MCD', 'OmniAnomaly']","['OFA', 'KNN', 'FITS']"
gutentag_3,"['MCD', 'OmniAnomaly', 'PCA']","['OmniAnomaly', 'PCA', 'OFA']"
gutentag_4,"['MCD', 'OmniAnomaly', 'PCA']","['OFA', 'KMeansAD', 'OmniAnomaly']"
gutentag_5,"['OFA', 'MCD', 'OmniAnomaly']","['MCD', 'AutoEncoder', 'TranAD']"
gutentag_6,"['MCD', 'OmniAnomaly', 'PCA']","['OmniAnomaly', 'PCA', 'TranAD']"
gutentag_7,"['MCD', 'OmniAnomaly', 'PCA']","['ALLM4TS', 'LSTMAD', 'TranAD']"
gutentag_8,"['MCD', 'OmniAnomaly', 'PCA']","['KMeansAD', 'KNN', 'CBLOF']"
gutentag_9,"['MCD', 'OmniAnomaly', 'PCA']","['IForest', 'KNN', 'USAD']"
metro_traffic-volume,"['MCD', 'AutoEncoder', 'ALLM4TS']","['TranAD', 'USAD', 'Donut']"
mitdb_100,"['OmniAnomaly', 'PCA', 'KMeansAD']","['AnomalyTransformer', 'CNN', 'IForest']"
mitdb_101,"['OmniAnomaly', 'PCA', 'MCD']","['USAD', 'TranAD', 'CNN']"
mitdb_102,"['OmniAnomaly', 'PCA', 'MCD']","['OFA', 'IForest', 'CNN']"
mitdb_103,"['OmniAnomaly', 'PCA', 'KMeansAD']","['OFA', 'OmniAnomaly', 'PCA']"
mitdb_104,"['OmniAnomaly', 'PCA', 'KMeansAD']","['OFA', 'CNN', 'ALLM4TS']"
mitdb_105,"['OmniAnomaly', 'PCA', 'MCD']","['OFA', 'ALLM4TS', 'CNN']"
mitdb_106,"['OmniAnomaly', 'PCA', 'MCD']","['ALLM4TS', 'PCA', 'OmniAnomaly']"
mitdb_107,"['OmniAnomaly', 'PCA', 'MCD']","['CNN', 'OFA', 'ALLM4TS']"
mitdb_108,"['OmniAnomaly', 'PCA', 'MCD']","['CNN', 'AnomalyTransformer', 'OFA']"
mitdb_109,"['OmniAnomaly', 'PCA', 'MCD']","['CNN', 'IForest', 'ALLM4TS']"
mitdb_111,"['OmniAnomaly', 'PCA', 'MCD']","['ALLM4TS', 'OFA', 'CNN']"
mitdb_112,"['PCA', 'MCD', 'ALLM4TS']","['OFA', 'KMeansAD', 'LSTMAD']"
mitdb_113,"['OFA', 'KMeansAD', 'ALLM4TS']","['OFA', 'CNN', 'ALLM4TS']"
mitdb_114,"['OmniAnomaly', 'PCA', 'MCD']","['OFA', 'ALLM4TS', 'CNN']"
mitdb_115,"['OmniAnomaly', 'PCA', 'MCD']","['OFA', 'OmniAnomaly', 'PCA']"
mitdb_116,"['OmniAnomaly', 'PCA', 'MCD']","['OFA', 'ALLM4TS', 'CNN']"
mitdb_117,"['OmniAnomaly', 'PCA', 'MCD']","['CNN', 'PCA', 'OmniAnomaly']"
mitdb_118,"['OmniAnomaly', 'PCA', 'KMeansAD']","['CNN', 'AnomalyTransformer', 'LSTMAD']"
mitdb_119,"['OmniAnomaly', 'PCA', 'KMeansAD']","['ALLM4TS', 'CNN', 'OFA']"
mitdb_121,"['OmniAnomaly', 'PCA', 'KMeansAD']","['KMeansAD', 'EIF', 'COPOD']"
mitdb_122,"['OmniAnomaly', 'PCA', 'MCD']","['ALLM4TS', 'OmniAnomaly', 'PCA']"
mitdb_123,"['OmniAnomaly', 'PCA', 'KMeansAD']","['ALLM4TS', 'OFA', 'CNN']"
mitdb_124,"['OmniAnomaly', 'PCA', 'MCD']","['IForest', 'CNN', 'ALLM4TS']"
mitdb_200,"['OmniAnomaly', 'PCA', 'MCD']","['ALLM4TS', 'CNN', 'PCA']"
mitdb_201,"['OmniAnomaly', 'KMeansAD', 'ALLM4TS']","['OFA', 'ALLM4TS', 'CNN']"
mitdb_202,"['OmniAnomaly', 'PCA', 'MCD']","['OFA', 'CNN', 'ALLM4TS']"
mitdb_203,"['OmniAnomaly', 'PCA', 'MCD']","['ALLM4TS', 'CNN', 'OFA']"
mitdb_205,"['OmniAnomaly', 'PCA', 'KMeansAD']","['OFA', 'CNN', 'ALLM4TS']"
mitdb_207,"['OmniAnomaly', 'PCA', 'MCD']","['CNN', 'PCA', 'OmniAnomaly']"
mitdb_208,"['OmniAnomaly', 'KMeansAD', 'ALLM4TS']","['ALLM4TS', 'RobustPCA', 'TimesNet']"
mitdb_209,"['OmniAnomaly', 'PCA', 'KMeansAD']","['OFA', 'CNN', 'ALLM4TS']"
mitdb_210,"['OmniAnomaly', 'PCA', 'KMeansAD']","['OFA', 'CNN', 'IForest']"
mitdb_212,"['OmniAnomaly', 'PCA', 'MCD']","['OFA', 'CNN', 'LSTMAD']"
mitdb_213,"['OmniAnomaly', 'PCA', 'MCD']","['OFA', 'ALLM4TS', 'PCA']"
mitdb_214,"['OmniAnomaly', 'PCA', 'MCD']","['CNN', 'OFA', 'ALLM4TS']"
mitdb_215,"['OmniAnomaly', 'PCA', 'MCD']","['OFA', 'CNN', 'OmniAnomaly']"
mitdb_217,"['OmniAnomaly', 'PCA', 'KMeansAD']","['CNN', 'ALLM4TS', 'OFA']"
mitdb_219,"['OmniAnomaly', 'PCA', 'MCD']","['AnomalyTransformer', 'IForest', 'RobustPCA']"
mitdb_220,"['OFA', 'MCD', 'ALLM4TS']","['CNN', 'OFA', 'IForest']"
mitdb_221,"['OmniAnomaly', 'PCA', 'MCD']","['ALLM4TS', 'OmniAnomaly', 'PCA']"
mitdb_222,"['OmniAnomaly', 'PCA', 'KMeansAD']","['AnomalyTransformer', 'LSTMAD', 'TranAD']"
mitdb_223,"['OmniAnomaly', 'PCA', 'MCD']","['CNN', 'ALLM4TS', 'IForest']"
mitdb_228,"['OmniAnomaly', 'PCA', 'MCD']","['CNN', 'OmniAnomaly', 'PCA']"
mitdb_230,"['OmniAnomaly', 'PCA', 'KMeansAD']","['OFA', 'CNN', 'PCA']"
mitdb_232,"['OmniAnomaly', 'PCA', 'KMeansAD']","['OmniAnomaly', 'PCA', 'TimesNet']"
mitdb_233,"['OmniAnomaly', 'PCA', 'KMeansAD']","['OFA', 'ALLM4TS', 'IForest']"
mitdb_234,"['OmniAnomaly', 'PCA', 'MCD']","['OFA', 'CNN', 'TimesNet']"
msl_c-1,"['PCA', 'OmniAnomaly', 'KMeansAD']","['OFA', 'OmniAnomaly', 'KMeansAD']"
msl_c-2,"['PCA', 'OmniAnomaly', 'KMeansAD']","['OmniAnomaly', 'PCA', 'KMeansAD']"
msl_d-14,"['KMeansAD', 'PCA', 'OmniAnomaly']","['HBOS', 'AutoEncoder', 'OCSVM']"
msl_d-15,"['IForest', 'KMeansAD', 'ALLM4TS']","['ALLM4TS', 'RobustPCA', 'OFA']"
msl_d-16,"['IForest', 'KMeansAD', 'ALLM4TS']","['IForest', 'HBOS', 'COPOD']"
msl_f-4,"['IForest', 'KMeansAD', 'LOF']","['OmniAnomaly', 'OFA', 'PCA']"
msl_f-5,"['IForest', 'KMeansAD', 'LOF']","['ALLM4TS', 'RobustPCA', 'OmniAnomaly']"
msl_f-7,"['KMeansAD', 'PCA', 'OmniAnomaly']","['IForest', 'KMeansAD', 'MCD']"
msl_f-8,"['IForest', 'KMeansAD', 'ALLM4TS']","['IForest', 'Donut', 'AutoEncoder']"
msl_m-1,"['IForest', 'KMeansAD', 'Donut']","['KMeansAD', 'Donut', 'OFA']"
msl_m-2,"['IForest', 'KMeansAD', 'ALLM4TS']","['ALLM4TS', 'OCSVM', 'Donut']"
msl_m-3,"['IForest', 'KMeansAD', 'ALLM4TS']","['IForest', 'ALLM4TS', 'COPOD']"
msl_m-4,"['IForest', 'KMeansAD', 'ALLM4TS']","['IForest', 'OCSVM', 'MCD']"
msl_m-5,"['KMeansAD', 'PCA', 'OmniAnomaly']","['KMeansAD', 'OmniAnomaly', 'PCA']"
msl_m-6,"['IForest', 'KMeansAD', 'ALLM4TS']","['ALLM4TS', 'RobustPCA', 'PCA']"
msl_m-7,"['IForest', 'KMeansAD', 'ALLM4TS']","['IForest', 'COPOD', 'HBOS']"
msl_p-10,"['IForest', 'MCD', 'ALLM4TS']","['OmniAnomaly', 'PCA', 'OFA']"
msl_p-11,"['IForest', 'KMeansAD', 'ALLM4TS']","['IForest', 'KMeansAD', 'Donut']"
msl_p-14,"['IForest', 'MCD', 'ALLM4TS']","['OmniAnomaly', 'PCA', 'IForest']"
msl_p-15,"['IForest', 'KMeansAD', 'LOF']","['IForest', 'RobustPCA', 'Donut']"
msl_s-2,"['KMeansAD', 'PCA', 'OmniAnomaly']","['KMeansAD', 'IForest', 'OFA']"
msl_t-12,"['IForest', 'KMeansAD', 'ALLM4TS']","['OFA', 'PCA', 'OmniAnomaly']"
msl_t-13,"['IForest', 'KMeansAD', 'Donut']","['RobustPCA', 'PCA', 'Donut']"
msl_t-4,"['IForest', 'KMeansAD', 'ALLM4TS']","['OCSVM', 'AutoEncoder', 'MCD']"
msl_t-5,"['KMeansAD', 'PCA', 'OmniAnomaly']","['KMeansAD', 'OmniAnomaly', 'PCA']"
msl_t-8,"['KMeansAD', 'PCA', 'OmniAnomaly']","['KMeansAD', 'IForest', 'ALLM4TS']"
opportunity_s1-adl2,"['PCA', 'KMeansAD', 'ALLM4TS']","['CBLOF', 'MCD', 'IForest']"
opportunity_s1-adl3,"['PCA', 'KMeansAD', 'ALLM4TS']","['MCD', 'CBLOF', 'OCSVM']"
opportunity_s1-adl4,"['PCA', 'KMeansAD', 'ALLM4TS']","['MCD', 'OCSVM', 'IForest']"
opportunity_s1-adl5,"['PCA', 'KMeansAD', 'ALLM4TS']","['MCD', 'CBLOF', 'OCSVM']"
opportunity_s2-adl1,"['PCA', 'KMeansAD', 'ALLM4TS']","['CBLOF', 'IForest', 'MCD']"
opportunity_s2-adl2,"['PCA', 'KMeansAD', 'ALLM4TS']","['IForest', 'MCD', 'KMeansAD']"
opportunity_s3-adl3,"['PCA', 'KMeansAD', 'ALLM4TS']","['IForest', 'MCD', 'CBLOF']"
opportunity_s3-adl4,"['PCA', 'KMeansAD', 'ALLM4TS']","['IForest', 'MCD', 'COPOD']"
opportunity_s3-adl5,"['PCA', 'KMeansAD', 'ALLM4TS']","['MCD', 'IForest', 'KMeansAD']"
opportunity_s4-adl2,"['PCA', 'KMeansAD', 'ALLM4TS']","['MCD', 'CBLOF', 'AutoEncoder']"
opportunity_s4-adl3,"['PCA', 'KMeansAD', 'ALLM4TS']","['MCD', 'KMeansAD', 'AutoEncoder']"
opportunity_s4-adl4,"['PCA', 'KMeansAD', 'ALLM4TS']","['MCD', 'KMeansAD', 'IForest']"
opportunity_s4-adl5,"['PCA', 'KMeansAD', 'ALLM4TS']","['MCD', 'KMeansAD', 'AnomalyTransformer']"
psm,"['OmniAnomaly', 'PCA', 'MCD']","['CNN', 'LSTMAD', 'Donut']"
room-occupancy_1,"['KMeansAD', 'OFA', 'ALLM4TS']","['OCSVM', 'MCD', 'COPOD']"
room-occupancy,"['KMeansAD', 'ALLM4TS', 'AutoEncoder']","['ALLM4TS', 'Donut', 'AutoEncoder']"
smap_a-1,"['IForest', 'MCD', 'ALLM4TS']","['PCA', 'OmniAnomaly', 'OFA']"
smap_a-2,"['IForest', 'KMeansAD', 'ALLM4TS']","['IForest', 'EIF', 'OCSVM']"
smap_a-3,"['IForest', 'KMeansAD', 'ALLM4TS']","['IForest', 'AutoEncoder', 'Donut']"
smap_a-4,"['IForest', 'KMeansAD', 'ALLM4TS']","['AutoEncoder', 'Donut', 'EIF']"
smap_a-5,"['OmniAnomaly', 'PCA', 'KMeansAD']","['KMeansAD', 'IForest', 'OmniAnomaly']"
smap_a-6,"['PCA', 'OmniAnomaly', 'KMeansAD']","['KMeansAD', 'TranAD', 'USAD']"
smap_a-8,"['MCD', 'IForest', 'ALLM4TS']","['RobustPCA', 'ALLM4TS', 'USAD']"
smap_a-9,"['IForest', 'KMeansAD', 'ALLM4TS']","['RobustPCA', 'ALLM4TS', 'TranAD']"
smap_b-1,"['MCD', 'IForest', 'ALLM4TS']","['IForest', 'LSTMAD', 'TimesNet']"
smap_d-1,"['IForest', 'MCD', 'ALLM4TS']","['MCD', 'OCSVM', 'AutoEncoder']"
smap_d-11,"['MCD', 'IForest', 'Donut']","['IForest', 'Donut', 'FITS']"
smap_d-2,"['IForest', 'MCD', 'ALLM4TS']","['AutoEncoder', 'OCSVM', 'MCD']"
smap_d-3,"['IForest', 'KMeansAD', 'ALLM4TS']","['MCD', 'OCSVM', 'AutoEncoder']"
smap_d-4,"['IForest', 'KMeansAD', 'ALLM4TS']","['MCD', 'AutoEncoder', 'OCSVM']"
smap_d-5,"['IForest', 'MCD', 'ALLM4TS']","['OmniAnomaly', 'PCA', 'KMeansAD']"
smap_d-6,"['IForest', 'MCD', 'ALLM4TS']","['PCA', 'IForest', 'OmniAnomaly']"
smap_d-7,"['IForest', 'MCD', 'ALLM4TS']","['MCD', 'AutoEncoder', 'OCSVM']"
smap_d-8,"['IForest', 'MCD', 'ALLM4TS']","['IForest', 'PCA', 'OmniAnomaly']"
smap_d-9,"['MCD', 'IForest', 'ALLM4TS']","['AutoEncoder', 'MCD', 'OCSVM']"
smap_e-1,"['IForest', 'MCD', 'ALLM4TS']","['IForest', 'MCD', 'CBLOF']"
smap_e-10,"['IForest', 'MCD', 'ALLM4TS']","['IForest', 'MCD', 'LOF']"
smap_e-11,"['IForest', 'KMeansAD', 'ALLM4TS']","['IForest', 'AutoEncoder', 'MCD']"
smap_e-12,"['IForest', 'KMeansAD', 'ALLM4TS']","['LOF', 'OCSVM', 'IForest']"
smap_e-13,"['IForest', 'MCD', 'ALLM4TS']","['ALLM4TS', 'KMeansAD', 'IForest']"
smap_e-2,"['IForest', 'MCD', 'ALLM4TS']","['RobustPCA', 'IForest', 'TranAD']"
smap_e-3,"['IForest', 'MCD', 'ALLM4TS']","['OCSVM', 'MCD', 'IForest']"
smap_e-4,"['IForest', 'MCD', 'ALLM4TS']","['IForest', 'Donut', 'LSTMAD']"
smap_e-5,"['IForest', 'MCD', 'ALLM4TS']","['PCA', 'OmniAnomaly', 'IForest']"
smap_e-6,"['IForest', 'MCD', 'ALLM4TS']","['PCA', 'OmniAnomaly', 'KMeansAD']"
smap_e-7,"['IForest', 'MCD', 'ALLM4TS']","['OmniAnomaly', 'PCA', 'IForest']"
smap_e-8,"['IForest', 'MCD', 'ALLM4TS']","['IForest', 'PCA', 'OmniAnomaly']"
smap_e-9,"['IForest', 'MCD', 'ALLM4TS']","['OmniAnomaly', 'PCA', 'OFA']"
smap_f-1,"['PCA', 'OmniAnomaly', 'KMeansAD']","['ALLM4TS', 'RobustPCA', 'LOF']"
smap_f-2,"['MCD', 'IForest', 'ALLM4TS']","['RobustPCA', 'ALLM4TS', 'TranAD']"
smap_f-3,"['IForest', 'MCD', 'ALLM4TS']","['OmniAnomaly', 'PCA', 'KMeansAD']"
smap_g-1,"['IForest', 'KMeansAD', 'ALLM4TS']","['EIF', 'MCD', 'OCSVM']"
smap_g-2,"['IForest', 'KMeansAD', 'ALLM4TS']","['PCA', 'OmniAnomaly', 'KMeansAD']"
smap_g-3,"['IForest', 'KMeansAD', 'ALLM4TS']","['PCA', 'OmniAnomaly', 'OFA']"
smap_g-6,"['KMeansAD', 'IForest', 'LOF']","['RobustPCA', 'IForest', 'TranAD']"
smap_g-7,"['OmniAnomaly', 'PCA', 'KMeansAD']","['OmniAnomaly', 'PCA', 'IForest']"
smap_p-1,"['OmniAnomaly', 'PCA', 'KMeansAD']","['IForest', 'COPOD', 'MCD']"
smap_p-2,"['IForest', 'MCD', 'ALLM4TS']","['KMeansAD', 'MCD', 'OCSVM']"
smap_p-3,"['IForest', 'MCD', 'ALLM4TS']","['KMeansAD', 'IForest', 'CBLOF']"
smap_p-4,"['MCD', 'IForest', 'ALLM4TS']","['IForest', 'OFA', 'OmniAnomaly']"
smap_s-1,"['IForest', 'KMeansAD', 'ALLM4TS']","['IForest', 'ALLM4TS', 'RobustPCA']"
smap_t-1,"['MCD', 'IForest', 'ALLM4TS']","['ALLM4TS', 'RobustPCA', 'Donut']"
smap_t-2,"['MCD', 'IForest', 'ALLM4TS']","['OFA', 'RobustPCA', 'PCA']"
smap_t-3,"['MCD', 'IForest', 'ALLM4TS']","['OFA', 'IForest', 'PCA']"
smd_machine-1-2,"['KMeansAD', 'CNN', 'LOF']","['OCSVM', 'CBLOF', 'OmniAnomaly']"
smd_machine-1-3,"['OmniAnomaly', 'PCA', 'MCD']","['KMeansAD', 'OFA', 'TimesNet']"
smd_machine-1-4,"['OmniAnomaly', 'PCA', 'KMeansAD']","['KMeansAD', 'OFA', 'FITS']"
smd_machine-1-6,"['OmniAnomaly', 'MCD', 'PCA']","['AutoEncoder', 'OCSVM', 'EIF']"
smd_machine-1-7,"['OmniAnomaly', 'PCA', 'MCD']","['KMeansAD', 'PCA', 'OmniAnomaly']"
smd_machine-1-8,"['OmniAnomaly', 'PCA', 'MCD']","['USAD', 'CNN', 'LSTMAD']"
smd_machine-2-1,"['OmniAnomaly', 'PCA', 'MCD']","['OFA', 'OmniAnomaly', 'PCA']"
smd_machine-2-2,"['OmniAnomaly', 'PCA', 'MCD']","['RobustPCA', 'OmniAnomaly', 'PCA']"
smd_machine-2-3,"['MCD', 'CNN', 'LOF']","['KMeansAD', 'PCA', 'OmniAnomaly']"
smd_machine-2-4,"['OmniAnomaly', 'PCA', 'MCD']","['USAD', 'MCD', 'OmniAnomaly']"
smd_machine-2-5,"['OmniAnomaly', 'PCA', 'MCD']","['KMeansAD', 'USAD', 'LSTMAD']"
smd_machine-2-7,"['OmniAnomaly', 'PCA', 'MCD']","['USAD', 'CBLOF', 'TranAD']"
smd_machine-2-9,"['OmniAnomaly', 'KMeansAD', 'ALLM4TS']","['AutoEncoder', 'KMeansAD', 'OCSVM']"
smd_machine-3-10,"['OmniAnomaly', 'PCA', 'MCD']","['CBLOF', 'EIF', 'TranAD']"
smd_machine-3-2,"['OmniAnomaly', 'PCA', 'MCD']","['PCA', 'OmniAnomaly', 'OFA']"
smd_machine-3-3,"['OmniAnomaly', 'MCD', 'PCA']","['CBLOF', 'KNN', 'KMeansAD']"
smd_machine-3-5,"['KMeansAD', 'CNN', 'LOF']","['USAD', 'TranAD', 'CNN']"
smd_machine-3-6,"['OmniAnomaly', 'PCA', 'MCD']","['MCD', 'CNN', 'EIF']"
svdb_800,"['OmniAnomaly', 'PCA', 'MCD']","['PCA', 'OmniAnomaly', 'IForest']"
svdb_801,"['OmniAnomaly', 'PCA', 'MCD']","['PCA', 'OmniAnomaly', 'ALLM4TS']"
svdb_802,"['OmniAnomaly', 'PCA', 'KMeansAD']","['OFA', 'PCA', 'OmniAnomaly']"
svdb_803,"['OmniAnomaly', 'PCA', 'KMeansAD']","['OmniAnomaly', 'PCA', 'ALLM4TS']"
svdb_804,"['OmniAnomaly', 'PCA', 'KMeansAD']","['PCA', 'OmniAnomaly', 'OFA']"
svdb_805,"['OmniAnomaly', 'PCA', 'MCD']","['PCA', 'OmniAnomaly', 'OFA']"
svdb_806,"['PCA', 'OmniAnomaly', 'KMeansAD']","['OFA', 'IForest', 'LSTMAD']"
svdb_807,"['OmniAnomaly', 'MCD', 'PCA']","['IForest', 'PCA', 'OmniAnomaly']"
svdb_808,"['OmniAnomaly', 'PCA', 'MCD']","['OFA', 'PCA', 'OmniAnomaly']"
svdb_809,"['OmniAnomaly', 'PCA', 'KMeansAD']","['OFA', 'PCA', 'OmniAnomaly']"
svdb_810,"['OmniAnomaly', 'PCA', 'KMeansAD']","['PCA', 'OmniAnomaly', 'ALLM4TS']"
svdb_811,"['OmniAnomaly', 'PCA', 'MCD']","['OFA', 'ALLM4TS', 'CNN']"
svdb_812,"['OmniAnomaly', 'PCA', 'MCD']","['PCA', 'OmniAnomaly', 'OFA']"
svdb_820,"['OmniAnomaly', 'PCA', 'KMeansAD']","['PCA', 'OmniAnomaly', 'IForest']"
svdb_821,"['OmniAnomaly', 'PCA', 'MCD']","['PCA', 'OmniAnomaly', 'CNN']"
svdb_822,"['OmniAnomaly', 'PCA', 'KMeansAD']","['OFA', 'PCA', 'OmniAnomaly']"
svdb_823,"['OFA', 'KMeansAD', 'ALLM4TS']","['OmniAnomaly', 'PCA', 'IForest']"
svdb_824,"['PCA', 'KMeansAD', 'ALLM4TS']","['OFA', 'TimesNet', 'PCA']"
svdb_825,"['OmniAnomaly', 'PCA', 'MCD']","['CNN', 'FITS', 'LSTMAD']"
svdb_826,"['OmniAnomaly', 'KMeansAD', 'ALLM4TS']","['OmniAnomaly', 'PCA', 'FITS']"
svdb_827,"['OmniAnomaly', 'PCA', 'MCD']","['PCA', 'OmniAnomaly', 'IForest']"
svdb_828,"['PCA', 'KMeansAD', 'ALLM4TS']","['OFA', 'ALLM4TS', 'OmniAnomaly']"
svdb_829,"['PCA', 'KMeansAD', 'ALLM4TS']","['OmniAnomaly', 'PCA', 'Donut']"
svdb_840,"['OmniAnomaly', 'PCA', 'KMeansAD']","['OmniAnomaly', 'PCA', 'OFA']"
svdb_841,"['OmniAnomaly', 'PCA', 'MCD']","['PCA', 'OmniAnomaly', 'OFA']"
svdb_842,"['OmniAnomaly', 'PCA', 'KMeansAD']","['OFA', 'LSTMAD', 'KMeansAD']"
svdb_843,"['OmniAnomaly', 'PCA', 'KMeansAD']","['OFA', 'LSTMAD', 'TimesNet']"
svdb_844,"['PCA', 'KMeansAD', 'ALLM4TS']","['OFA', 'PCA', 'OmniAnomaly']"
svdb_845,"['OmniAnomaly', 'PCA', 'MCD']","['OFA', 'KMeansAD', 'IForest']"
svdb_846,"['OmniAnomaly', 'PCA', 'KMeansAD']","['OFA', 'ALLM4TS', 'KMeansAD']"
svdb_847,"['OmniAnomaly', 'PCA', 'MCD']","['OmniAnomaly', 'PCA', 'OFA']"
svdb_848,"['PCA', 'KMeansAD', 'ALLM4TS']","['KMeansAD', 'PCA', 'OmniAnomaly']"
svdb_849,"['OmniAnomaly', 'PCA', 'MCD']","['OFA', 'ALLM4TS', 'PCA']"
svdb_850,"['OmniAnomaly', 'PCA', 'KMeansAD']","['OFA', 'OmniAnomaly', 'PCA']"
svdb_851,"['OmniAnomaly', 'PCA', 'KMeansAD']","['OmniAnomaly', 'PCA', 'ALLM4TS']"
svdb_852,"['OmniAnomaly', 'PCA', 'KMeansAD']","['OFA', 'CNN', 'OmniAnomaly']"
svdb_853,"['OmniAnomaly', 'PCA', 'MCD']","['OFA', 'OmniAnomaly', 'PCA']"
svdb_854,"['OmniAnomaly', 'PCA', 'KMeansAD']","['IForest', 'OmniAnomaly', 'PCA']"
svdb_855,"['OmniAnomaly', 'MCD', 'PCA']","['OmniAnomaly', 'PCA', 'IForest']"
svdb_856,"['OmniAnomaly', 'PCA', 'KMeansAD']","['OFA', 'OmniAnomaly', 'PCA']"
svdb_857,"['OmniAnomaly', 'PCA', 'MCD']","['PCA', 'OmniAnomaly', 'OFA']"
svdb_858,"['OmniAnomaly', 'PCA', 'KMeansAD']","['OFA', 'PCA', 'OmniAnomaly']"
svdb_859,"['OmniAnomaly', 'PCA', 'MCD']","['OFA', 'PCA', 'OmniAnomaly']"
svdb_860,"['OmniAnomaly', 'PCA', 'MCD']","['PCA', 'OmniAnomaly', 'TimesNet']"
svdb_861,"['OmniAnomaly', 'PCA', 'MCD']","['IForest', 'PCA', 'OmniAnomaly']"
svdb_862,"['OmniAnomaly', 'PCA', 'MCD']","['IForest', 'AnomalyTransformer', 'FITS']"
svdb_863,"['OmniAnomaly', 'PCA', 'MCD']","['CNN', 'PCA', 'OmniAnomaly']"
svdb_864,"['OmniAnomaly', 'PCA', 'MCD']","['OFA', 'PCA', 'OmniAnomaly']"
svdb_865,"['OmniAnomaly', 'PCA', 'MCD']","['PCA', 'OmniAnomaly', 'OFA']"
svdb_866,"['OmniAnomaly', 'PCA', 'KMeansAD']","['OFA', 'ALLM4TS', 'KMeansAD']"
svdb_867,"['OmniAnomaly', 'PCA', 'MCD']","['OFA', 'KMeansAD', 'IForest']"
svdb_868,"['OmniAnomaly', 'PCA', 'MCD']","['IForest', 'CNN', 'OFA']"
svdb_869,"['OmniAnomaly', 'PCA', 'KMeansAD']","['PCA', 'OmniAnomaly', 'OFA']"
svdb_870,"['OmniAnomaly', 'PCA', 'MCD']","['PCA', 'OmniAnomaly', 'IForest']"
svdb_871,"['OmniAnomaly', 'PCA', 'KMeansAD']","['OFA', 'OmniAnomaly', 'PCA']"
svdb_872,"['OmniAnomaly', 'PCA', 'MCD']","['OmniAnomaly', 'PCA', 'ALLM4TS']"
svdb_873,"['OmniAnomaly', 'PCA', 'MCD']","['OFA', 'OmniAnomaly', 'PCA']"
svdb_874,"['OmniAnomaly', 'PCA', 'MCD']","['OFA', 'ALLM4TS', 'OmniAnomaly']"
svdb_875,"['OmniAnomaly', 'PCA', 'MCD']","['IForest', 'OFA', 'ALLM4TS']"
svdb_876,"['PCA', 'KMeansAD', 'ALLM4TS']","['FITS', 'IForest', 'Donut']"
svdb_877,"['PCA', 'KMeansAD', 'ALLM4TS']","['OFA', 'OmniAnomaly', 'PCA']"
svdb_878,"['OmniAnomaly', 'PCA', 'MCD']","['OmniAnomaly', 'PCA', 'OFA']"
svdb_879,"['OmniAnomaly', 'PCA', 'MCD']","['PCA', 'OmniAnomaly', 'OFA']"
svdb_880,"['OmniAnomaly', 'PCA', 'MCD']","['IForest', 'KMeansAD', 'OFA']"
svdb_881,"['OmniAnomaly', 'PCA', 'KMeansAD']","['IForest', 'PCA', 'OmniAnomaly']"
svdb_882,"['OmniAnomaly', 'PCA', 'MCD']","['OFA', 'OmniAnomaly', 'PCA']"
svdb_883,"['OmniAnomaly', 'PCA', 'MCD']","['OFA', 'OmniAnomaly', 'PCA']"
svdb_884,"['OmniAnomaly', 'PCA', 'MCD']","['PCA', 'OmniAnomaly', 'OFA']"
svdb_885,"['OmniAnomaly', 'PCA', 'MCD']","['PCA', 'OmniAnomaly', 'OFA']"
svdb_886,"['OmniAnomaly', 'PCA', 'MCD']","['OFA', 'CNN', 'IForest']"
svdb_887,"['OmniAnomaly', 'PCA', 'KMeansAD']","['PCA', 'OmniAnomaly', 'ALLM4TS']"
svdb_888,"['OmniAnomaly', 'PCA', 'KMeansAD']","['OFA', 'OmniAnomaly', 'PCA']"
svdb_889,"['OmniAnomaly', 'MCD', 'PCA']","['IForest', 'OmniAnomaly', 'PCA']"
svdb_890,"['OmniAnomaly', 'PCA', 'MCD']","['OmniAnomaly', 'PCA', 'OFA']"
svdb_891,"['OmniAnomaly', 'PCA', 'MCD']","['PCA', 'OmniAnomaly', 'IForest']"
svdb_892,"['OmniAnomaly', 'PCA', 'MCD']","['PCA', 'OmniAnomaly', 'IForest']"
svdb_893,"['OmniAnomaly', 'PCA', 'MCD']","['OmniAnomaly', 'PCA', 'CNN']"
svdb_894,"['OmniAnomaly', 'PCA', 'MCD']","['PCA', 'OmniAnomaly', 'OFA']"
swan_sf,"['OmniAnomaly', 'PCA', 'MCD']","['OFA', 'RobustPCA', 'OmniAnomaly']"
